{
  "baseline": {
    "mean_ms": 3.5718415305018425,
    "std_ms": 0.18790103919029685,
    "min_ms": 3.1509995460510254,
    "p50_ms": 3.552282229065895,
    "p95_ms": 3.7648923695087433,
    "max_ms": 4.933513700962067
  },
  "optimized": {
    "mean_ms": 3.301943577826023,
    "std_ms": 0.28213238711344824,
    "min_ms": 2.748202532529831,
    "p50_ms": 3.2930374145507812,
    "p95_ms": 3.8352107629179955,
    "max_ms": 4.213493317365646
  },
  "speedup": 1.0817391170728357
}