{
  "device": "cuda",
  "timestamp": "2025-11-25 08:40:31",
  "test_molecule_sizes": [
    3,
    4,
    5,
    6,
    8,
    9,
    10,
    11,
    12
  ],
  "representative_size": 12,
  "models": {
    "Original (427K)": {
      "checkpoint": "checkpoints/best_model.pt",
      "single_inference": {
        "3": {
          "mean_time": 0.0002205909788608551,
          "std_time": 3.790074309412891e-05,
          "median_time": 0.00023573078215122223,
          "min_time": 0.00012906640768051147,
          "max_time": 0.0002542361617088318,
          "mean_time_ms": 0.2205909788608551,
          "std_time_ms": 0.03790074309412891
        },
        "4": {
          "mean_time": 0.00017587482929229737,
          "std_time": 1.1319440068998338e-05,
          "median_time": 0.00017569959163665771,
          "min_time": 0.00015528127551078796,
          "max_time": 0.00021855905652046204,
          "mean_time_ms": 0.17587482929229736,
          "std_time_ms": 0.011319440068998338
        },
        "5": {
          "mean_time": 0.0002628420293331146,
          "std_time": 2.918336313702846e-05,
          "median_time": 0.0002603381872177124,
          "min_time": 0.00020853057503700256,
          "max_time": 0.00032231584191322327,
          "mean_time_ms": 0.2628420293331146,
          "std_time_ms": 0.029183363137028462
        },
        "6": {
          "mean_time": 0.00019513733685016632,
          "std_time": 0.00012409043321900997,
          "median_time": 0.00018391013145446777,
          "min_time": 0.00015707314014434814,
          "max_time": 0.0014244690537452698,
          "mean_time_ms": 0.19513733685016632,
          "std_time_ms": 0.12409043321900996
        },
        "8": {
          "mean_time": 0.00018486224114894868,
          "std_time": 1.0927737430953934e-05,
          "median_time": 0.00018773414194583893,
          "min_time": 0.00016728416085243225,
          "max_time": 0.00020950287580490112,
          "mean_time_ms": 0.18486224114894867,
          "std_time_ms": 0.010927737430953934
        },
        "9": {
          "mean_time": 0.0001733945682644844,
          "std_time": 1.2362518948816219e-05,
          "median_time": 0.00017606467008590698,
          "min_time": 0.00015576183795928955,
          "max_time": 0.00020817667245864868,
          "mean_time_ms": 0.1733945682644844,
          "std_time_ms": 0.01236251894881622
        },
        "10": {
          "mean_time": 0.00018473565578460693,
          "std_time": 1.1071347081650112e-05,
          "median_time": 0.00018638372421264648,
          "min_time": 0.00016814470291137695,
          "max_time": 0.00021246448159217834,
          "mean_time_ms": 0.18473565578460693,
          "std_time_ms": 0.011071347081650112
        },
        "11": {
          "mean_time": 0.0002193518728017807,
          "std_time": 2.0716228035415494e-05,
          "median_time": 0.00022676773369312286,
          "min_time": 0.00014836713671684265,
          "max_time": 0.0002534501254558563,
          "mean_time_ms": 0.2193518728017807,
          "std_time_ms": 0.020716228035415493
        },
        "12": {
          "mean_time": 0.00017206266522407532,
          "std_time": 1.0730604690421913e-05,
          "median_time": 0.0001760181039571762,
          "min_time": 0.00015601515769958496,
          "max_time": 0.0001997239887714386,
          "mean_time_ms": 0.17206266522407532,
          "std_time_ms": 0.010730604690421914
        }
      },
      "batch_inference": {
        "1": {
          "total_time": 0.0003239138424396515,
          "total_time_std": 2.1765419175218318e-05,
          "per_structure": 0.0003239138424396515,
          "per_structure_ms": 0.3239138424396515,
          "throughput": 3087.240707183764
        },
        "4": {
          "total_time": 0.020969168096780778,
          "total_time_std": 0.0020565796875205147,
          "per_structure": 0.005242292024195194,
          "per_structure_ms": 5.242292024195194,
          "throughput": 190.75625611557223
        },
        "8": {
          "total_time": 0.036408531442284585,
          "total_time_std": 0.007497828592907089,
          "per_structure": 0.004551066430285573,
          "per_structure_ms": 4.551066430285573,
          "throughput": 219.72871970081337
        },
        "16": {
          "total_time": 0.05271794453263283,
          "total_time_std": 0.006215019069365672,
          "per_structure": 0.003294871533289552,
          "per_structure_ms": 3.2948715332895517,
          "throughput": 303.5019696205316
        }
      },
      "memory": {
        "n_parameters": 427292,
        "model_size_mb": 1.6299896240234375,
        "peak_memory_mb": 65.63427734375,
        "allocated_memory_mb": 65.63427734375,
        "reserved_memory_mb": 68.0,
        "memory_overhead_mb": 0.0
      },
      "md_simulation": {
        "steps": 1000,
        "wall_time": 26.79152327403426,
        "steps_per_second": 37.32523864998663,
        "time_per_step_ms": 26.79152327403426,
        "simulation_time_ps": 0.5
      }
    },
    "Tiny (77K)": {
      "checkpoint": "checkpoints/tiny_model/best_model.pt",
      "single_inference": {
        "3": {
          "mean_time": 0.00024697583168745043,
          "std_time": 2.3678724992576145e-05,
          "median_time": 0.0002523288130760193,
          "min_time": 0.00019066408276557922,
          "max_time": 0.0003014504909515381,
          "mean_time_ms": 0.24697583168745044,
          "std_time_ms": 0.023678724992576144
        },
        "4": {
          "mean_time": 0.00024443995207548144,
          "std_time": 2.4188762718218532e-05,
          "median_time": 0.0002460777759552002,
          "min_time": 0.00019452720880508423,
          "max_time": 0.00028834864497184753,
          "mean_time_ms": 0.24443995207548144,
          "std_time_ms": 0.024188762718218532
        },
        "5": {
          "mean_time": 0.00024242408573627472,
          "std_time": 2.3124315000225378e-05,
          "median_time": 0.0002454090863466263,
          "min_time": 0.00018492341041564941,
          "max_time": 0.0002816244959831238,
          "mean_time_ms": 0.24242408573627472,
          "std_time_ms": 0.023124315000225378
        },
        "6": {
          "mean_time": 0.00023956790566444396,
          "std_time": 2.6735654285979763e-05,
          "median_time": 0.0002418849617242813,
          "min_time": 0.00018499791622161865,
          "max_time": 0.0002973191440105438,
          "mean_time_ms": 0.23956790566444397,
          "std_time_ms": 0.026735654285979762
        },
        "8": {
          "mean_time": 0.00024264790117740632,
          "std_time": 2.680577102843568e-05,
          "median_time": 0.00024784356355667114,
          "min_time": 0.00017537549138069153,
          "max_time": 0.00028262659907341003,
          "mean_time_ms": 0.2426479011774063,
          "std_time_ms": 0.02680577102843568
        },
        "9": {
          "mean_time": 0.00022117558866739274,
          "std_time": 3.1239058758612976e-05,
          "median_time": 0.00022253021597862244,
          "min_time": 0.00015833228826522827,
          "max_time": 0.0002819262444972992,
          "mean_time_ms": 0.22117558866739273,
          "std_time_ms": 0.031239058758612975
        },
        "10": {
          "mean_time": 0.00024123646318912505,
          "std_time": 2.6045824013527858e-05,
          "median_time": 0.0002437848597764969,
          "min_time": 0.00018586963415145874,
          "max_time": 0.0002884417772293091,
          "mean_time_ms": 0.24123646318912506,
          "std_time_ms": 0.026045824013527858
        },
        "11": {
          "mean_time": 0.00024600800126791,
          "std_time": 2.4871790831759345e-05,
          "median_time": 0.0002514217048883438,
          "min_time": 0.00018803030252456665,
          "max_time": 0.00029271841049194336,
          "mean_time_ms": 0.24600800126791003,
          "std_time_ms": 0.024871790831759343
        },