{
  "student": {
    "model": "Student (PaiNN)",
    "device": "cuda",
    "n_trials": 30,
    "molecules": {
      "H2O": {
        "n_atoms": 3,
        "mean_ms": 16.699372231960297,
        "std_ms": 3.4821978387266763,
        "min_ms": 13.710364699363708,
        "all_times_ms": [
          14.227524399757385,
          18.12545210123062,
          17.29174703359604,
          16.09007641673088,
          14.837820082902908,
          18.04152876138687,
          15.594623982906342,
          14.43246379494667,
          19.481156021356583,
          17.450839281082153,
          15.32718911767006,
          14.807526022195816,
          14.815393835306168,
          13.710364699363708,
          13.726089149713516,
          19.517451524734497,
          30.690625309944153,
          24.874180555343628,
          19.299708306789398,
          16.605116426944733,
          14.896649867296219,
          14.308106154203415,
          14.38729465007782,
          14.761723577976227,
          16.7621411383152,
          14.994628727436066,
          14.440394937992096,
          16.842298209667206,
          16.02451130747795,
          14.616541564464569
        ]
      },
      "NH3": {
        "n_atoms": 4,
        "mean_ms": 15.96875973045826,
        "std_ms": 2.0091997124841883,
        "min_ms": 13.084501028060913,
        "all_times_ms": [
          14.237362891435623,
          14.296963810920715,
          16.88123494386673,
          15.28962329030037,
          14.071263372898102,
          15.220686793327332,
          19.519895315170288,
          16.819819808006287,
          14.999832957983017,
          18.588300794363022,
          13.134419918060303,
          14.917414635419846,
          14.33519646525383,
          17.82582700252533,
          21.24110236763954,
          17.501119524240494,
          15.781108289957047,
          15.046399086713791,
          16.57668501138687,
          14.697503298521042,
          13.841040432453156,
          16.200091689825058,
          14.67008888721466,
          13.084501028060913,
          14.171082526445389,
          16.479048877954483,
          15.145596116781235,
          19.711479544639587,
          18.7404602766037,
          16.03764295578003
        ]
      },
      "CH4": {
        "n_atoms": 5,
        "mean_ms": 15.18157497048378,
        "std_ms": 2.1265214762589593,
        "min_ms": 11.794749647378922,
        "all_times_ms": [
          14.513596892356873,
          13.883095234632492,
          14.52779769897461,
          15.19957184791565,
          15.027713030576706,
          17.95326918363571,
          17.18984544277191,
          15.384864062070847,
          14.298200607299805,
          19.346442073583603,
          17.316773533821106,
          15.32062143087387,
          14.94964212179184,
          18.059100955724716,
          17.85249635577202,
          15.159666538238525,
          14.73497599363327,
          17.685666680336,
          18.519986420869827,
          16.146227717399597,
          14.373008161783218,
          12.925643473863602,
          11.794749647378922,
          12.13284581899643,
          16.960304230451584,
          15.157848596572876,
          12.974046170711517,
          11.960871517658234,
          12.224111706018448,
          11.874265968799591
        ]
      },
      "C2H6": {
        "n_atoms": 8,
        "mean_ms": 16.22229864199956,
        "std_ms": 2.201262823583538,
        "min_ms": 12.739934027194977,
        "all_times_ms": [
          15.268191695213318,
          13.728436082601547,
          12.749679386615753,
          12.739934027194977,
          15.148740261793137,
          14.977436512708664,
          14.81829583644867,
          19.567809998989105,
          17.815563827753067,
          15.996448695659637,
          15.44523611664772,
          20.978696644306183,
          18.91186088323593,
          21.905310451984406,
          18.076814711093903,
          15.69189503788948,
          14.491323381662369,
          16.989242285490036,
          15.658456832170486,
          14.558617025613785,
          16.229409724473953,
          15.657000243663788,
          14.977458864450455,
          17.131302505731583,
          15.247847884893417,
          15.441406518220901,
          19.70488950610161,
          17.239883542060852,
          15.37618413567543,
          14.145586639642715
        ]
      },
      "C6H6": {
        "n_atoms": 12,
        "mean_ms": 16.635632142424583,
        "std_ms": 3.1060016797052175,
        "min_ms": 13.544440269470215,
        "all_times_ms": [
          14.931458979845047,
          15.166502445936203,
          19.23646777868271,
          17.577502876520157,
          16.036096960306168,
          14.925196766853333,
          13.544440269470215,
          13.99141550064087,
          20.430587232112885,
          24.073049426078796,
          19.207175821065903,
          16.60607010126114,
          14.737565070390701,
          14.687974005937576,
          14.828719198703766,
          18.093585968017578,
          27.32010930776596,
          21.143820136785507,
          17.739761620759964,
          16.07188582420349,
          14.937587082386017,
          14.588374644517899,
          14.834575355052948,
          14.71809297800064,
          15.190936625003815,
          15.12497290968895,
          15.25658369064331,
          14.94549959897995,
          14.498479664325714,
          14.624476432800293
        ]
      },
      "CH3COOH": {
        "n_atoms": 8,
        "mean_ms": 15.506786728898684,
        "std_ms": 1.278510167468851,
        "min_ms": 14.051999896764755,
        "all_times_ms": [
          14.417868107557297,
          14.939874410629272,
          16.661006957292557,
          15.882331877946854,
          15.05151018500328,
          14.96448740363121,
          15.113826841115952,
          14.893081039190292,
          15.302404761314392,
          14.850884675979614,
          17.97167956829071,
          17.371926456689835,
          15.393819659948349,
          14.510810375213623,
          15.052687376737595,
          17.627201974391937,
          14.991424977779388,
          17.532676458358765,
          14.318570494651794,
          14.381274580955505,
          14.051999896764755,
          14.803830534219742,
          14.902051538228989,
          14.377962797880173,
          19.313257187604904,
          16.92304015159607,
          14.779586344957352,
          14.992382377386093,
          14.87218588590622,
          14.957956969738007
        ]
      },
      "water_cluster_5": {
        "n_atoms": 15,
        "mean_ms": 15.569792315363884,
        "std_ms": 1.2436768480470215,
        "min_ms": 14.20222595334053,
        "all_times_ms": [
          19.22982558608055,
          16.73387736082077,
          15.547055751085281,
          14.867350459098816,
          14.638751745223999,
          14.802910387516022,
          14.20222595334053,
          15.176616609096527,
          14.850810170173645,
          14.58585262298584,
          14.350496232509613,
          14.646705240011215,
          14.698855578899384,
          16.22585952281952,
          16.315463930368423,
          14.490701258182526,
          15.321154147386551,
          15.960723161697388,
          15.255585312843323,
          15.33300057053566,
          14.803670346736908,
          17.010830342769623,
          17.13666319847107,
          15.47650620341301,
          14.644160866737366,
          14.855600893497467,
          15.174515545368195,
          15.071827918291092,
          19.13546398282051,
          16.550708562135696
        ]
      }
    },
    "overall": {
      "mean_ms": 15.96917382308415,
      "std_ms": 0.5391856451250754,
      "min_ms": 15.18157497048378,
      "max_ms": 16.699372231960297
    }
  },
  "orb": {
    "model": "Orb-v2 (Teacher)",
    "device": "cuda",
    "n_trials": 30,